call_id,n_segments,total_chars
AAPL_2020Q1,66,44889
AAPL_2020Q2,50,45622
AAPL_2020Q3,71,44729
AAPL_2020Q4,47,48428
AAPL_2021Q1,52,47002
AAPL_2021Q2,57,46900
AAPL_2021Q3,79,47897
AAPL_2021Q4,60,48034
AAPL_2022Q1,55,44001
AAPL_2022Q2,80,46199
AAPL_2022Q3,59,45613
AAPL_2022Q4,61,46197
AAPL_2023Q1,54,44833
AAPL_2023Q2,62,45649
AAPL_2023Q3,63,45976
AAPL_2023Q4,84,48098
AAPL_2024Q1,63,43973
AAPL_2024Q2,84,45742
AAPL_2024Q3,75,45123
AAPL_2024Q4,83,44923
ABBV_2020Q1,55,68110
ABBV_2020Q2,76,72127
ABBV_2020Q3,86,73422
ABBV_2020Q4,77,76053
ABBV_2021Q1,89,68577
ABBV_2021Q2,77,72799
ABBV_2021Q3,79,73221
ABBV_2021Q4,61,74298
ABBV_2022Q1,75,65752
ABBV_2022Q2,62,73361
ABBV_2022Q3,69,62444
ABBV_2022Q4,82,86934
ABBV_2023Q1,60,20215
ABBV_2023Q2,68,69162
ABBV_2023Q3,64,66775
ABBV_2023Q4,83,74064
ABBV_2024Q1,76,68387
ABBV_2024Q2,75,62701
ABBV_2024Q3,59,58113
ABBV_2024Q4,78,70471
ABT_2020Q1,41,17445
ABT_2020Q2,38,11559
ABT_2020Q3,45,13963
ABT_2020Q4,38,13358
ABT_2021Q1,47,12278
ABT_2021Q2,41,17890
ABT_2021Q3,40,14650
ABT_2021Q4,36,13116
ABT_2022Q1,43,13244
ABT_2022Q2,50,10817
ABT_2022Q3,39,13419
ABT_2022Q4,38,13280
ABT_2023Q1,49,19566
ABT_2023Q2,37,10649
ABT_2023Q3,41,13476
ABT_2023Q4,31,11552
ABT_2024Q1,37,47433
ABT_2024Q2,50,50379
ABT_2024Q3,35,48694
ABT_2024Q4,47,48526
ACN_2020Q1,58,52160
ACN_2020Q2,49,54726
ACN_2020Q3,51,53290
ACN_2020Q4,45,51873
ACN_2021Q1,43,50562
ACN_2021Q2,60,51463
ACN_2021Q3,57,47545
ACN_2021Q4,59,52476
ACN_2022Q1,70,47986
ACN_2022Q2,61,53107
ACN_2022Q3,52,49715
ACN_2022Q4,60,52076
ACN_2023Q1,49,52288
ACN_2023Q2,66,54612
ACN_2023Q3,63,54813
ACN_2023Q4,56,55763
ACN_2024Q1,71,59290
ACN_2024Q2,57,53679
ACN_2024Q3,58,55193
ACN_2024Q4,74,55623
ADBE_2020Q1,62,49636
ADBE_2020Q2,51,54678
ADBE_2020Q3,64,54546
ADBE_2020Q4,62,129732
ADBE_2021Q1,68,59038
ADBE_2021Q2,74,55540
ADBE_2021Q3,68,54114
ADBE_2021Q4,68,108362
ADBE_2022Q1,61,60729
ADBE_2022Q2,74,56721
ADBE_2022Q3,63,57426
ADBE_2022Q4,52,58258
ADBE_2023Q1,59,55347
ADBE_2023Q2,51,56978
ADBE_2023Q3,57,56070
ADBE_2023Q4,57,58041
ADBE_2024Q1,62,62555
ADBE_2024Q2,59,59725
ADBE_2024Q3,44,53445
ADBE_2024Q4,45,55364
ADI_2020Q1,57,19038
ADI_2020Q2,45,42471
ADI_2020Q3,55,38364
ADI_2020Q4,41,38699
ADI_2021Q1,59,36479
ADI_2021Q2,66,36380
ADI_2021Q3,54,34919
ADI_2021Q4,44,36948
ADI_2022Q1,45,35984
ADI_2022Q2,49,34321
ADI_2022Q3,45,35174
ADI_2022Q4,45,38114
ADI_2023Q1,53,37787
ADI_2023Q2,51,38534
ADI_2023Q3,64,38333
ADI_2023Q4,46,36395
ADI_2024Q1,56,35829
ADI_2024Q2,45,34257
ADI_2024Q3,55,29835
ADI_2024Q4,49,38051
AIG_2020Q1,91,67110
AIG_2020Q2,67,45243
AIG_2020Q3,76,18317
AIG_2020Q4,66,17259
AIG_2021Q1,52,12661
AIG_2021Q2,41,13787
AIG_2021Q3,40,10845
AIG_2021Q4,41,13248
AIG_2022Q1,33,11418
AIG_2022Q2,32,8609
AIG_2022Q3,49,14270
AIG_2022Q4,33,13943
AIG_2023Q1,38,13813
AIG_2023Q2,41,10439
AIG_2023Q3,31,8404
AIG_2023Q4,38,10869
AIG_2024Q1,35,10899
AIG_2024Q2,41,57436
AIG_2024Q3,46,55435
AIG_2024Q4,39,54180
ALL_2020Q1,63,55247
ALL_2020Q2,76,52637
ALL_2020Q3,47,57114
ALL_2020Q4,49,55258
ALL_2021Q1,50,53005
ALL_2021Q2,47,54878
ALL_2021Q3,44,54679
ALL_2021Q4,47,55410
ALL_2022Q1,43,49378
ALL_2022Q2,61,54907
ALL_2022Q3,52,58084
ALL_2022Q4,50,58113
ALL_2023Q1,62,57166
ALL_2023Q2,47,59676
ALL_2023Q3,61,56851
ALL_2023Q4,59,58240
ALL_2024Q1,52,21152
ALL_2024Q2,56,55636
ALL_2024Q3,62,55921
ALL_2024Q4,57,56383
AMAT_2020Q1,62,57343
AMAT_2020Q2,55,54170
AMAT_2020Q3,62,53676
AMAT_2020Q4,64,53937
AMAT_2021Q1,74,53667
AMAT_2021Q2,53,53242
AMAT_2021Q3,58,51401
AMAT_2021Q4,61,19869
AMAT_2022Q1,84,52612
AMAT_2022Q2,59,54363
AMAT_2022Q3,97,50775
AMAT_2022Q4,73,49385
AMAT_2023Q1,75,46900
AMAT_2023Q2,98,53019
AMAT_2023Q3,82,50057
AMAT_2023Q4,86,49430
AMAT_2024Q1,80,50954
AMAT_2024Q2,72,49791
AMAT_2024Q3,71,49372
AMAT_2024Q4,76,49195
AMD_2020Q1,71,46682
AMD_2020Q2,80,45106
AMD_2020Q3,60,40050
AMD_2020Q4,92,61183
AMD_2021Q1,74,56815
AMD_2021Q2,73,58527
AMD_2021Q3,83,44344
AMD_2021Q4,83,46032
AMD_2022Q1,75,54948
AMD_2022Q2,68,48913
AMD_2022Q3,95,54180
AMD_2022Q4,64,52473
AMD_2023Q1,79,50730
AMD_2023Q2,84,52745
AMD_2023Q3,66,53114
AMD_2023Q4,60,52683
AMD_2024Q1,70,21939
AMD_2024Q2,64,47341
AMD_2024Q3,63,53739
AMD_2024Q4,49,50419
AMGN_2020Q1,89,69909
AMGN_2020Q2,55,57072
AMGN_2020Q3,73,49641
AMGN_2020Q4,82,60841
AMGN_2021Q1,86,56472
AMGN_2021Q2,88,53049
AMGN_2021Q3,80,53023
AMGN_2021Q4,63,47304
AMGN_2022Q1,67,58689
AMGN_2022Q2,75,59215
AMGN_2022Q3,65,46692
AMGN_2022Q4,71,59789
AMGN_2023Q1,61,62605
AMGN_2023Q2,58,61126
AMGN_2023Q3,71,69521
AMGN_2023Q4,95,67515
AMGN_2024Q1,73,22189
AMGN_2024Q2,64,55508
AMGN_2024Q3,80,57931
AMGN_2024Q4,76,54015
AMZN_2020Q1,34,33468
AMZN_2020Q2,33,34435
AMZN_2020Q3,29,31746
AMZN_2020Q4,31,36816
AMZN_2021Q1,33,31233
AMZN_2021Q2,31,34448
AMZN_2021Q3,33,39263
AMZN_2021Q4,39,36508
AMZN_2022Q1,29,32508
AMZN_2022Q2,34,34415
AMZN_2022Q3,28,29830
AMZN_2022Q4,28,41347
AMZN_2023Q1,23,42953
AMZN_2023Q2,26,42181
AMZN_2023Q3,23,49979
AMZN_2023Q4,27,52004
AMZN_2024Q1,27,10367
AMZN_2024Q2,26,46367
AMZN_2024Q3,26,45820
AMZN_2024Q4,24,47457
AON_2020Q1,74,59730
AON_2020Q2,63,51269
AON_2020Q3,53,47215
AON_2020Q4,54,48055
AON_2021Q1,61,42784
AON_2021Q2,70,52098
AON_2021Q3,50,44787
AON_2021Q4,48,41121
AON_2022Q1,32,32937
AON_2022Q2,56,44641
AON_2022Q3,54,44739
AON_2022Q4,78,54865
AON_2023Q1,92,49679
AON_2023Q2,72,56459
AON_2023Q3,69,48637
AON_2023Q4,74,58091
AON_2024Q1,49,17914
AON_2024Q2,80,62636
AON_2024Q3,74,60665
AON_2024Q4,59,58033
AVGO_2020Q1,47,34557
AVGO_2020Q2,36,29805
AVGO_2020Q3,41,30291
AVGO_2020Q4,33,40134
AVGO_2021Q1,40,33517
AVGO_2021Q2,48,34474
AVGO_2021Q3,51,33729
AVGO_2021Q4,55,42965
AVGO_2022Q1,56,39956
AVGO_2022Q2,29,45472
AVGO_2022Q3,43,35442
AVGO_2022Q4,62,37984
AVGO_2023Q1,79,38195
AVGO_2023Q2,55,37685
AVGO_2023Q3,53,38436
AVGO_2023Q4,58,38142
AVGO_2024Q1,66,39419
AVGO_2024Q2,68,39982
AVGO_2024Q3,70,39743
AVGO_2024Q4,61,36994
AXP_2020Q1,59,67239
AXP_2020Q2,50,57756
AXP_2020Q3,54,58534
AXP_2020Q4,66,64054
AXP_2021Q1,63,62073
AXP_2021Q2,57,65797
AXP_2021Q3,60,63467
AXP_2021Q4,84,58044
AXP_2022Q1,68,51904
AXP_2022Q2,54,56953
AXP_2022Q3,63,59913
AXP_2022Q4,58,59114
AXP_2023Q1,50,50064
AXP_2023Q2,51,49629
AXP_2023Q3,51,43526
AXP_2023Q4,51,49131
AXP_2024Q1,77,40330
AXP_2024Q2,55,42014
AXP_2024Q3,46,44070
AXP_2024Q4,55,50787
BAC_2020Q1,109,60785
BAC_2020Q2,97,68734
BAC_2020Q3,69,31314
BAC_2020Q4,106,63994
BAC_2021Q1,87,63730
BAC_2021Q2,98,63106
BAC_2021Q3,83,66636
BAC_2021Q4,69,72886
BAC_2022Q1,94,79597
BAC_2022Q2,59,62894
BAC_2022Q3,82,74818
BAC_2022Q4,58,74084
BAC_2023Q1,102,78455
BAC_2023Q2,74,73320
BAC_2023Q3,88,79162
BAC_2023Q4,77,73422
BAC_2024Q1,72,64030
BAC_2024Q2,98,67348
BAC_2024Q3,57,56298
BAC_2024Q4,93,74786
BDX_2020Q1,71,56980
BDX_2020Q2,97,88720
BDX_2020Q3,121,95495
BDX_2020Q4,113,75890
BDX_2021Q1,67,64932
BDX_2021Q2,101,75064
BDX_2021Q3,95,61588
BDX_2021Q4,67,65003
BDX_2022Q1,42,62969
BDX_2022Q2,44,70800
BDX_2022Q3,44,66461
BDX_2022Q4,50,68933
BDX_2023Q1,59,63194
BDX_2023Q2,49,73700
BDX_2023Q3,50,62189
BDX_2023Q4,42,71289
BDX_2024Q1,67,51864
BDX_2024Q2,32,10394
BDX_2024Q3,43,55898
BDX_2024Q4,38,49789
BKR_2020Q1,57,54898
BKR_2020Q2,63,56285
BKR_2020Q3,40,59158
BKR_2020Q4,58,59096
BKR_2021Q1,55,53929
BKR_2021Q2,77,55919
BKR_2021Q3,80,58377
BKR_2021Q4,49,56939
BKR_2022Q1,71,61614
BKR_2022Q2,50,55406
BKR_2022Q3,64,54245
BKR_2022Q4,46,50749
BKR_2023Q1,66,52723
BKR_2023Q2,56,52811
BKR_2023Q3,58,49595
BKR_2023Q4,54,51512
BKR_2024Q1,33,14124
BKR_2024Q2,35,52290
BKR_2024Q3,40,51106
BKR_2024Q4,36,50182
BLK_2020Q1,34,76489
BLK_2020Q2,33,51467
BLK_2020Q3,32,52553
BLK_2020Q4,30,52229
BLK_2021Q1,35,51125
BLK_2021Q2,43,52035
BLK_2021Q3,34,52575
BLK_2021Q4,29,46434
BLK_2022Q1,37,50992
BLK_2022Q2,29,49706
BLK_2022Q3,35,51347
BLK_2022Q4,24,50775
BLK_2023Q1,24,49052
BLK_2023Q2,34,44933
BLK_2023Q3,39,54400
BLK_2023Q4,40,70902
BLK_2024Q1,37,54120
BLK_2024Q2,38,56995
BLK_2024Q3,49,55092
BLK_2024Q4,46,58768
BMY_2020Q1,63,43470
BMY_2020Q2,62,36360
BMY_2020Q3,56,41360
BMY_2020Q4,48,58055
BMY_2021Q1,82,59245
BMY_2021Q2,75,55057
BMY_2021Q3,72,55071
BMY_2021Q4,67,58920
BMY_2022Q1,69,54845
BMY_2022Q2,93,67633
BMY_2022Q3,76,61304
BMY_2022Q4,56,54109
BMY_2023Q1,65,57431
BMY_2023Q2,97,70291
BMY_2023Q3,77,56828
BMY_2023Q4,96,58625
BMY_2024Q1,83,23557
BMY_2024Q2,120,68317
BMY_2024Q3,83,60387
BMY_2024Q4,100,74748
BSX_2020Q1,22,21939
BSX_2020Q2,32,28551
BSX_2020Q3,78,42865
BSX_2020Q4,21,29488
BSX_2021Q1,31,37079
BSX_2021Q2,39,35615
BSX_2021Q3,45,48622
BSX_2021Q4,47,47548
BSX_2022Q1,37,52527
BSX_2022Q2,45,54746
BSX_2022Q3,77,52631
BSX_2022Q4,50,52138
BSX_2023Q1,68,53718
BSX_2023Q2,74,50161
BSX_2023Q3,61,45144
BSX_2023Q4,72,49973
BSX_2024Q1,59,13517
BSX_2024Q2,67,52154
BSX_2024Q3,77,53641
BSX_2024Q4,69,50872
CB_2020Q1,96,45205
CB_2020Q2,65,42721
CB_2020Q3,91,42442
CB_2020Q4,60,40155
CB_2021Q1,106,39517
CB_2021Q2,84,34247
CB_2021Q3,88,40722
CB_2021Q4,110,45382
CB_2022Q1,67,37732
CB_2022Q2,85,40607
CB_2022Q3,80,41669
CB_2022Q4,79,38616
CB_2023Q1,89,40819
CB_2023Q2,95,40377
CB_2023Q3,86,41486
CB_2023Q4,74,39869
CB_2024Q1,73,21900
CB_2024Q2,89,38221
CB_2024Q3,96,39907
CB_2024Q4,107,38710
CDNS_2020Q1,90,48497
CDNS_2020Q2,81,42071
CDNS_2020Q3,111,49840
CDNS_2020Q4,64,50588
CDNS_2021Q1,88,41413
CDNS_2021Q2,61,41839
CDNS_2021Q3,87,48773
CDNS_2021Q4,67,48271
CDNS_2022Q1,71,37342
CDNS_2022Q2,47,44057
CDNS_2022Q3,65,52607
CDNS_2022Q4,66,53311
CDNS_2023Q1,96,55692
CDNS_2023Q2,89,60242
CDNS_2023Q3,80,54365
CDNS_2023Q4,77,61018
CDNS_2024Q1,67,56243
CDNS_2024Q2,84,52850
CDNS_2024Q3,81,55663
CDNS_2024Q4,53,40078
CI_2020Q1,68,63121
CI_2020Q2,84,61744
CI_2020Q3,82,71549
CI_2020Q4,73,59671
CI_2021Q1,63,67872
CI_2021Q2,71,67862
CI_2021Q3,65,60403
CI_2021Q4,75,74502
CI_2022Q1,73,60179
CI_2022Q2,61,60615
CI_2022Q3,50,54137
CI_2022Q4,48,59065
CI_2023Q1,48,62367
CI_2023Q2,53,56565
CI_2023Q3,49,55460
CI_2023Q4,51,63959
CI_2024Q1,48,32181
CI_2024Q2,55,55544
CI_2024Q3,59,64501
CI_2024Q4,61,60065
CL_2020Q1,51,57560
CL_2020Q2,41,55169
CL_2020Q3,41,51397
CL_2020Q4,48,63409
CL_2021Q1,51,49603
CL_2021Q2,25,33748
CL_2021Q3,63,64670
CL_2021Q4,56,57993
CL_2022Q1,48,52262
CL_2022Q2,64,41386
CL_2022Q3,59,46383
CL_2022Q4,71,64517
CL_2023Q1,60,53304
CL_2023Q2,49,41770
CL_2023Q3,46,36833
CL_2023Q4,61,46935
CL_2024Q1,50,17433
CL_2024Q2,60,43121
CL_2024Q3,60,49130
CL_2024Q4,69,61622
CME_2020Q1,137,78224
CME_2020Q2,104,66630
CME_2020Q3,108,62558
CME_2020Q4,132,75146
CME_2021Q1,117,56271
CME_2021Q2,66,40824
CME_2021Q3,72,50135
CME_2021Q4,88,69280
CME_2022Q1,89,54825
CME_2022Q2,118,60844
CME_2022Q3,90,69943
CME_2022Q4,108,58270
CME_2023Q1,107,55838
CME_2023Q2,113,58999
CME_2023Q3,122,56312
CME_2023Q4,115,51765
CME_2024Q1,109,27454
CME_2024Q2,156,64588
CME_2024Q3,140,65070
CME_2024Q4,112,61322
CMG_2020Q1,89,64328
CMG_2020Q2,78,60038
CMG_2020Q3,79,60084
CMG_2020Q4,76,59230
CMG_2021Q1,73,57880
CMG_2021Q2,67,57339
CMG_2021Q3,76,60547
CMG_2021Q4,55,58348
CMG_2022Q1,87,55685
CMG_2022Q2,94,54924
CMG_2022Q3,66,59208
CMG_2022Q4,80,57866
CMG_2023Q1,90,60628
CMG_2023Q2,82,59431
CMG_2023Q3,88,57180
CMG_2023Q4,65,59459
CMG_2024Q1,73,22044
CMG_2024Q2,81,59376
CMG_2024Q3,71,57509
CMG_2024Q4,71,59484
COF_2020Q1,72,46747
COF_2020Q2,54,40657
COF_2020Q3,62,40001
COF_2020Q4,49,30934
COF_2021Q1,54,33144
COF_2021Q2,50,34216
COF_2021Q3,46,12364
COF_2021Q4,54,57584
COF_2022Q1,70,57746
COF_2022Q2,68,55540
COF_2022Q3,82,65411
COF_2022Q4,63,49787
COF_2023Q1,61,20887
COF_2023Q2,40,16303
COF_2023Q3,68,50903
COF_2023Q4,59,58828
COF_2024Q1,58,21985
COF_2024Q2,45,50290
COF_2024Q3,65,48202
COF_2024Q4,69,66894
COP_2020Q1,95,48209
COP_2020Q2,73,53925
COP_2020Q3,91,54378
COP_2020Q4,84,56366
COP_2021Q1,80,54306
COP_2021Q2,60,36395
COP_2021Q3,74,43928
COP_2021Q4,78,51089
COP_2022Q1,43,34618
COP_2022Q2,69,47758
COP_2022Q3,74,49352
COP_2022Q4,96,47380
COP_2023Q1,55,28658
COP_2023Q2,73,48085
COP_2023Q3,62,43386
COP_2023Q4,79,38847
COP_2024Q1,49,20016
COP_2024Q2,59,48869
COP_2024Q3,72,44756
COP_2024Q4,58,51982
COST_2020Q1,102,56427
COST_2020Q2,120,58170
COST_2020Q3,83,54152
COST_2020Q4,140,67536
COST_2021Q1,137,52662
COST_2021Q2,112,54272
COST_2021Q3,108,59603
COST_2021Q4,95,48358
COST_2022Q1,122,57893
COST_2022Q2,70,54708
COST_2022Q3,118,51044
COST_2022Q4,74,53281
COST_2023Q1,82,51471
COST_2023Q2,77,51610
COST_2023Q3,77,55416
COST_2023Q4,113,50122
COST_2024Q1,125,48774
COST_2024Q2,100,59945
COST_2024Q3,130,60821
COST_2024Q4,79,54564
CRM_2020Q1,61,55895
CRM_2020Q2,44,53162
CRM_2020Q3,40,49731
CRM_2020Q4,43,50594
CRM_2021Q1,40,59276
CRM_2021Q2,44,51692
CRM_2021Q3,39,58904
CRM_2021Q4,39,46649
CRM_2022Q1,35,54107
CRM_2022Q2,43,53559
CRM_2022Q3,76,55422
CRM_2022Q4,52,55490
CRM_2023Q1,53,52723
CRM_2023Q2,59,20088
CRM_2023Q3,51,57670
CRM_2023Q4,36,56003
CRM_2024Q1,59,59679
CRM_2024Q2,57,62076
CRM_2024Q3,44,56880
CRM_2024Q4,47,72294
CSCO_2020Q1,47,37818
CSCO_2020Q2,89,43031
CSCO_2020Q3,74,51090
CSCO_2020Q4,80,46532
CSCO_2021Q1,95,48092
CSCO_2021Q2,89,56784
CSCO_2021Q3,103,55607
CSCO_2021Q4,88,56677
CSCO_2022Q1,111,58446
CSCO_2022Q2,86,53214
CSCO_2022Q3,103,58396
CSCO_2022Q4,95,59660
CSCO_2023Q1,75,22927
CSCO_2023Q2,100,53824
CSCO_2023Q3,74,42217
CSCO_2023Q4,92,53264
CSCO_2024Q1,70,40406
CSCO_2024Q2,72,47798
CSCO_2024Q3,73,55636
CSCO_2024Q4,84,54988
CTRA_2020Q1,35,24178
CTRA_2020Q2,75,34100
CTRA_2020Q3,61,37667
CTRA_2020Q4,78,49183
CTRA_2021Q1,49,39798
CTRA_2021Q2,59,34588
CTRA_2021Q3,74,47275
CTRA_2021Q4,86,50829
CTRA_2022Q1,96,49686
CTRA_2022Q2,61,36895
CTRA_2022Q3,80,46918
CTRA_2022Q4,106,50717
CTRA_2023Q1,53,28578
CTRA_2023Q2,81,46193
CTRA_2023Q3,106,51399
CTRA_2023Q4,61,39345
CTRA_2024Q1,74,23641
CTRA_2024Q2,87,50523
CTRA_2024Q3,80,49548
CTRA_2024Q4,91,54543
CVS_2020Q1,69,38672
CVS_2020Q2,57,41568
CVS_2020Q3,88,47651
CVS_2020Q4,15,27604
CVS_2021Q1,75,31091
CVS_2021Q2,49,52181
CVS_2021Q3,49,48209
CVS_2021Q4,69,50525
CVS_2022Q1,65,51525
CVS_2022Q2,62,49703
CVS_2022Q3,43,50556
CVS_2022Q4,46,59276
CVS_2023Q1,46,55442
CVS_2023Q2,49,54040
CVS_2023Q3,35,57743
CVS_2023Q4,59,56522
CVS_2024Q1,48,16201
CVS_2024Q2,52,58089
CVS_2024Q3,41,57925
CVS_2024Q4,35,59431
CVX_2020Q1,83,45926
CVX_2020Q2,107,60768
CVX_2020Q3,124,55930
CVX_2020Q4,73,59847
CVX_2021Q1,60,49433
CVX_2021Q2,94,48841
CVX_2021Q3,95,57803
CVX_2021Q4,72,48316
CVX_2022Q1,61,50806
CVX_2022Q2,87,55285
CVX_2022Q3,64,47292
CVX_2022Q4,85,53499
CVX_2023Q1,91,49340
CVX_2023Q2,71,47164
CVX_2023Q3,95,48353
CVX_2023Q4,69,48156
CVX_2024Q1,59,17561
CVX_2024Q2,59,43882
CVX_2024Q3,60,53116
CVX_2024Q4,76,59227
C_2020Q1,83,68703
C_2020Q2,85,80647
C_2020Q3,115,81830
C_2020Q4,80,75461
C_2021Q1,74,76275
C_2021Q2,54,52701
C_2021Q3,61,52504
C_2021Q4,107,74050
C_2022Q1,70,58720
C_2022Q2,76,66939
C_2022Q3,97,63876
C_2022Q4,96,72451
C_2023Q1,87,74225
C_2023Q2,92,76288
C_2023Q3,66,69831
C_2023Q4,89,80740
C_2024Q1,84,75748
C_2024Q2,101,75674
C_2024Q3,87,75379
C_2024Q4,61,66084
DG_2020Q1,44,19188
DG_2020Q2,50,17949
DG_2020Q3,40,17379
DG_2020Q4,56,19844
DG_2021Q1,55,18430
DG_2021Q2,50,17633
DG_2021Q3,45,15646
DG_2021Q4,46,12894
DG_2022Q1,52,17765
DG_2022Q2,45,17655
DG_2022Q3,39,9616
DG_2022Q4,43,12069
DG_2023Q3,33,8650
DG_2023Q4,32,11364
DG_2024Q1,40,53805
DG_2024Q2,35,54272
DG_2024Q3,48,54301
DG_2024Q4,31,55605
DHR_2020Q1,49,37812
DHR_2020Q2,85,51061
DHR_2020Q3,65,49798
DHR_2020Q4,63,43252
DHR_2021Q1,69,44497
DHR_2021Q2,46,45612
DHR_2021Q3,81,43701
DHR_2021Q4,51,45323
DHR_2022Q1,55,39593
DHR_2022Q2,73,46776
DHR_2022Q3,55,43256
DHR_2022Q4,61,44593
DHR_2023Q1,65,44786
DHR_2023Q2,61,43702
DHR_2023Q3,53,38892
DHR_2023Q4,60,47830
DHR_2024Q1,46,26854
DHR_2024Q2,60,45776
DHR_2024Q3,68,41565
DHR_2024Q4,63,42192
DLTR_2020Q1,55,16600
DLTR_2020Q2,65,24444
DLTR_2020Q3,58,24123
DLTR_2020Q4,65,22732
DLTR_2021Q1,54,23569
DLTR_2021Q2,55,21722
DLTR_2021Q3,68,21924
DLTR_2021Q4,50,20594
DLTR_2022Q1,60,22187
DLTR_2022Q2,45,15456
DLTR_2022Q3,65,20883
DLTR_2022Q4,60,19462
DLTR_2023Q1,57,16824
DLTR_2023Q2,43,15315
DLTR_2023Q3,57,13478
DLTR_2023Q4,56,14073
DLTR_2024Q1,59,15771
DLTR_2024Q2,42,56277
DLTR_2024Q3,49,55449
DLTR_2024Q4,48,55917
DPZ_2020Q1,73,70983
DPZ_2020Q2,69,67636
DPZ_2020Q3,94,67919
DPZ_2020Q4,97,67124
DPZ_2021Q1,88,58148
DPZ_2021Q2,57,57584
DPZ_2021Q3,49,16405
DPZ_2021Q4,40,11511
DPZ_2022Q1,43,54184
DPZ_2022Q2,62,53608
DPZ_2022Q3,57,52138
DPZ_2022Q4,46,50900
DPZ_2023Q1,67,50901
DPZ_2023Q2,78,53828
DPZ_2023Q3,77,54183
DPZ_2023Q4,74,53904
DPZ_2024Q1,75,25437
DPZ_2024Q2,63,54180
DPZ_2024Q3,77,54393
DPZ_2024Q4,78,56722
DVN_2020Q1,97,51700
DVN_2020Q2,90,32786
DVN_2020Q3,51,44949
DVN_2020Q4,56,57940
DVN_2021Q1,74,54087
DVN_2021Q2,52,50313
DVN_2021Q3,77,56244
DVN_2021Q4,77,54754
DVN_2022Q1,64,55350
DVN_2022Q2,54,52740
DVN_2022Q3,68,53136
DVN_2022Q4,52,55096
DVN_2023Q1,87,56756
DVN_2023Q2,68,56576
DVN_2023Q3,85,55783
DVN_2023Q4,88,58011
DVN_2024Q1,66,22759
DVN_2024Q2,91,56894
DVN_2024Q3,66,54081
DVN_2024Q4,85,54124
EL_2020Q1,44,50686
EL_2020Q2,53,48284
EL_2020Q3,28,52473
EL_2020Q4,46,65307
EL_2021Q1,39,52044
EL_2021Q2,37,51900
EL_2021Q3,48,49280
EL_2021Q4,48,59714
EL_2022Q1,48,50569
EL_2022Q2,40,51821
EL_2022Q3,32,51657
EL_2022Q4,42,62827
EL_2023Q1,32,48739
EL_2023Q2,21,51527
EL_2023Q3,26,50603
EL_2023Q4,26,59814
EL_2024Q1,36,50165
EL_2024Q2,33,52608
EL_2024Q3,32,54704
EL_2024Q4,30,58268
EOG_2020Q1,64,50513
EOG_2020Q2,61,53342
EOG_2020Q3,91,51838
EOG_2020Q4,69,52845
EOG_2021Q1,77,51116
EOG_2021Q2,70,49002
EOG_2021Q3,81,53183
EOG_2021Q4,57,50218
EOG_2022Q1,62,54830
EOG_2022Q2,64,54082
EOG_2022Q3,63,50917
EOG_2022Q4,58,51025
EOG_2023Q1,78,53782
EOG_2023Q2,54,47018
EOG_2023Q3,68,54368
EOG_2023Q4,61,56437
EOG_2024Q1,63,23337
EOG_2024Q2,55,59680
EOG_2024Q3,58,56248
EOG_2024Q4,59,55385
EW_2020Q1,64,53899
EW_2020Q2,100,53275
EW_2020Q3,88,51139
EW_2020Q4,16,11151
EW_2021Q1,72,40133
EW_2021Q2,95,44154
EW_2021Q3,83,51451
EW_2021Q4,93,52480
EW_2022Q1,57,37954
EW_2022Q2,77,51533
EW_2022Q3,90,52505
EW_2022Q4,82,51542
EW_2023Q1,78,51135
EW_2023Q2,75,54197
EW_2023Q3,78,51376
EW_2023Q4,75,56111
EW_2024Q1,85,27854
EW_2024Q2,62,53680
EW_2024Q3,63,48571
EW_2024Q4,71,49225
FANG_2020Q1,107,42877
FANG_2020Q2,83,41278
FANG_2020Q3,97,57950
FANG_2020Q4,125,55541
FANG_2021Q1,70,38665
FANG_2021Q2,86,39595
FANG_2021Q3,105,41199
FANG_2021Q4,105,48602
FANG_2022Q1,81,45957
FANG_2022Q2,79,41237
FANG_2022Q3,96,38116
FANG_2022Q4,72,42630
FANG_2023Q1,151,45959
FANG_2023Q2,58,28317
FANG_2023Q3,114,46908
FANG_2023Q4,89,30471
FANG_2024Q1,67,28452
FANG_2024Q2,120,43129
FANG_2024Q3,118,51260
FANG_2024Q4,79,36599
FTNT_2020Q1,93,53884
FTNT_2020Q2,63,45648
FTNT_2020Q3,118,48538
FTNT_2020Q4,77,52091
FTNT_2021Q1,101,56829
FTNT_2021Q2,97,53530
FTNT_2021Q3,81,46516
FTNT_2021Q4,89,49929
FTNT_2022Q1,77,46866
FTNT_2022Q2,67,52967
FTNT_2022Q3,95,57142
FTNT_2022Q4,95,57932
FTNT_2023Q1,99,56137
FTNT_2023Q2,87,53913
FTNT_2023Q3,65,50981
FTNT_2023Q4,70,54930
FTNT_2024Q1,75,23126
FTNT_2024Q2,70,53676
FTNT_2024Q3,82,49983
FTNT_2024Q4,78,53098
GILD_2020Q1,72,63864
GILD_2020Q2,91,60622
GILD_2020Q3,52,63523
GILD_2020Q4,52,61091
GILD_2021Q1,61,56868
GILD_2021Q2,52,54785
GILD_2021Q3,79,53717
GILD_2021Q4,66,60994
GILD_2022Q1,65,57625
GILD_2022Q2,61,57768
GILD_2022Q3,44,59434
GILD_2022Q4,55,57984
GILD_2023Q1,73,60504
GILD_2023Q2,72,52644
GILD_2023Q3,72,54554
GILD_2023Q4,45,52605
GILD_2024Q1,58,23928
GILD_2024Q2,50,56551
GILD_2024Q3,55,55778
GILD_2024Q4,47,53557
GIS_2020Q1,105,59825
GIS_2020Q2,61,57618
GIS_2020Q3,93,56545
GIS_2020Q4,67,71887
GIS_2021Q1,110,48492
GIS_2021Q2,113,48385
GIS_2021Q3,88,34279
GIS_2021Q4,67,38567
GIS_2022Q1,65,23721
GIS_2022Q2,91,34742
GIS_2022Q3,48,31795
GIS_2022Q4,74,33616
GIS_2023Q1,86,32965
GIS_2023Q2,60,62372
GIS_2023Q3,48,30528
GIS_2023Q4,78,39395
GIS_2024Q1,57,28625
GIS_2024Q2,65,32410
GIS_2024Q3,68,36075
GIS_2024Q4,66,36865
GOOGL_2020Q1,53,31987
GOOGL_2020Q2,38,26092
GOOGL_2020Q3,51,27166
GOOGL_2020Q4,36,34661
GOOGL_2021Q1,52,31501
GOOGL_2021Q2,50,34008
GOOGL_2021Q3,42,43512
GOOGL_2021Q4,44,52561
GOOGL_2022Q1,41,12173
GOOGL_2022Q2,41,8798
GOOGL_2022Q3,48,14893
GOOGL_2022Q4,37,12140
GOOGL_2023Q1,47,16019
GOOGL_2023Q2,40,12164
GOOGL_2023Q3,44,45647
GOOGL_2023Q4,41,12041
GOOGL_2024Q1,46,15815
GOOGL_2024Q2,47,50235
GOOGL_2024Q3,47,55942
GOOGL_2024Q4,42,52450
GOOG_2020Q1,53,31987
GOOG_2020Q2,38,26092
GOOG_2020Q3,51,27166
GOOG_2020Q4,36,34661
GOOG_2021Q1,52,31501
GOOG_2021Q2,50,34008
GOOG_2021Q3,42,43512
GOOG_2021Q4,44,52561
GOOG_2022Q1,41,12173
GOOG_2022Q2,41,8798
GOOG_2022Q3,48,14893
GOOG_2022Q4,37,12140
GOOG_2023Q1,47,16019
GOOG_2023Q2,40,12164
GOOG_2023Q3,44,45647
GOOG_2023Q4,41,12041
GOOG_2024Q1,46,15815
GOOG_2024Q2,47,50235
GOOG_2024Q3,47,55942
GOOG_2024Q4,42,52450
GS_2020Q1,64,80514
GS_2020Q2,56,76690
GS_2020Q3,66,70968
GS_2020Q4,81,97174
GS_2021Q1,73,78797
GS_2021Q2,96,77221
GS_2021Q3,75,64034
GS_2021Q4,62,55587
GS_2022Q1,66,50688
GS_2022Q2,78,60253
GS_2022Q3,73,68677
GS_2022Q4,77,57938
GS_2023Q1,85,53865
GS_2023Q2,67,58763
GS_2023Q3,80,60405
GS_2023Q4,80,57669
GS_2024Q1,66,52399
GS_2024Q2,72,48344
GS_2024Q3,61,51979
GS_2024Q4,50,54299
HAL_2020Q1,51,49888
HAL_2020Q2,88,50087
HAL_2020Q3,46,48708
HAL_2020Q4,76,51233
HAL_2021Q1,82,51783
HAL_2021Q2,56,50352
HAL_2021Q3,73,53306
HAL_2021Q4,48,51273
HAL_2022Q1,74,49215
HAL_2022Q2,67,48414
HAL_2022Q3,96,40320
HAL_2022Q4,53,42367
HAL_2023Q1,57,38407
HAL_2023Q2,64,40764
HAL_2023Q3,57,42459
HAL_2023Q4,58,52702
HAL_2024Q1,98,45601
HAL_2024Q2,91,40894
HAL_2024Q3,49,47725
HAL_2024Q4,61,39317
HCA_2020Q1,43,48747
HCA_2020Q2,48,49419
HCA_2020Q3,71,39873
HCA_2020Q4,69,51805
HCA_2021Q1,87,37236
HCA_2021Q2,55,27879
HCA_2021Q3,94,44060
HCA_2021Q4,101,51329
HCA_2022Q1,73,43454
HCA_2022Q2,74,41708
HCA_2022Q3,78,42722
HCA_2022Q4,83,49597
HCA_2023Q1,69,43505
HCA_2023Q2,65,38168
HCA_2023Q3,81,43627
HCA_2023Q4,62,48820
HCA_2024Q1,58,16767
HCA_2024Q2,72,42148
HCA_2024Q3,70,49158
HCA_2024Q4,89,50251
HD_2020Q1,84,48496
HD_2020Q2,88,47899
HD_2020Q3,87,50235
HD_2020Q4,62,50720
HD_2021Q1,132,47763
HD_2021Q2,114,51005
HD_2021Q3,105,50214
HD_2021Q4,113,71881
HD_2022Q1,74,49806
HD_2022Q2,92,52355
HD_2022Q3,77,50486
HD_2022Q4,76,50993
HD_2023Q1,85,51106
HD_2023Q2,94,49914
HD_2023Q3,71,47415
HD_2023Q4,52,46924
HD_2024Q1,74,49951
HD_2024Q2,59,50051
HD_2024Q3,72,49282
HD_2024Q4,55,50203
HES_2020Q1,77,49460
HES_2020Q2,117,56615
HES_2020Q3,107,63076
HES_2020Q4,113,54660
HES_2021Q1,77,57501
HES_2021Q2,82,64136
HES_2021Q3,62,46756
HES_2021Q4,100,62703
HES_2022Q1,51,48339
HES_2022Q2,65,57859
HES_2022Q3,82,50785
HES_2022Q4,66,48332
HES_2023Q1,66,42983
HES_2023Q2,77,45238
HSY_2020Q1,122,70733
HSY_2020Q2,132,82236
HSY_2020Q3,126,46720
HSY_2020Q4,99,42855
HSY_2021Q1,65,29073
HSY_2021Q2,63,21734
HSY_2021Q3,93,34184
HSY_2021Q4,131,47542
HSY_2022Q1,108,35347
HSY_2022Q2,92,27783
HSY_2022Q3,115,28888
HSY_2022Q4,119,42819
HSY_2023Q1,107,35602
HSY_2023Q2,148,35467
HSY_2023Q3,100,39984
HSY_2023Q4,98,35638
HSY_2024Q1,73,19628
HSY_2024Q2,109,40373
HSY_2024Q3,99,33717
HSY_2024Q4,104,35906
IBM_2020Q1,44,62564
IBM_2020Q2,47,61857
IBM_2020Q3,45,56017
IBM_2020Q4,45,59287
IBM_2021Q1,44,38404
IBM_2021Q2,41,30711
IBM_2021Q3,40,52674
IBM_2021Q4,32,51129
IBM_2022Q1,42,56903
IBM_2022Q2,35,12766
IBM_2022Q3,39,51736
IBM_2022Q4,42,54877
IBM_2023Q1,43,50382
IBM_2023Q2,42,55834
IBM_2023Q3,38,49255
IBM_2023Q4,35,52975
IBM_2024Q1,39,13141
IBM_2024Q2,38,52620
IBM_2024Q3,39,47296
IBM_2024Q4,31,42660
ICE_2020Q1,33,39360
ICE_2020Q2,37,35846
ICE_2020Q3,40,41573
ICE_2020Q4,45,39413
ICE_2021Q1,39,30498
ICE_2021Q2,48,42811
ICE_2021Q3,48,43924
ICE_2021Q4,64,53866
ICE_2022Q1,47,56171
ICE_2022Q2,47,47404
ICE_2022Q3,35,55020
ICE_2022Q4,41,53236
ICE_2023Q1,45,48728
ICE_2023Q2,37,51222
ICE_2023Q3,47,54220
ICE_2023Q4,31,52390
ICE_2024Q1,40,15646
ICE_2024Q2,38,56049
ICE_2024Q3,34,51733
ICE_2024Q4,42,55008
IDXX_2020Q1,52,62830
IDXX_2020Q2,53,56632
IDXX_2020Q3,40,57246
IDXX_2020Q4,40,54380
IDXX_2021Q1,36,49456
IDXX_2021Q2,48,54176
IDXX_2021Q3,44,48623
IDXX_2021Q4,41,50546
IDXX_2022Q1,37,57040
IDXX_2022Q2,42,55544
IDXX_2022Q3,48,53807
IDXX_2022Q4,46,54003
IDXX_2023Q1,52,50310
IDXX_2023Q2,46,46229
IDXX_2023Q3,50,52607
IDXX_2023Q4,34,49731
IDXX_2024Q1,45,14842
IDXX_2024Q2,30,51879
IDXX_2024Q3,39,53791
IDXX_2024Q4,39,47687
INTC_2020Q1,50,47790
INTC_2020Q2,45,46062
INTC_2020Q3,60,47977
INTC_2020Q4,56,54053
INTC_2021Q1,77,51674
INTC_2021Q2,63,48353
INTC_2021Q3,58,55723
INTC_2021Q4,48,52209
INTC_2022Q1,48,54140
INTC_2022Q2,53,60925
INTC_2022Q3,55,55019
INTC_2022Q4,59,59574
INTC_2023Q1,63,58133
INTC_2023Q2,52,56887
INTC_2023Q3,57,60177
INTC_2023Q4,46,56222
INTC_2024Q1,61,20815
INTC_2024Q2,64,61218
INTC_2024Q3,67,56670
INTC_2024Q4,74,55081
INTU_2020Q1,78,55780
INTU_2020Q2,106,70255
INTU_2020Q3,64,66017
INTU_2020Q4,108,67483
INTU_2021Q1,74,49618
INTU_2021Q2,105,60352
INTU_2021Q3,110,62826
INTU_2021Q4,99,59570
INTU_2022Q1,82,58554
INTU_2022Q2,72,58770
INTU_2022Q3,93,59083
INTU_2022Q4,58,54383
INTU_2023Q1,60,59006
INTU_2023Q2,75,59926
INTU_2023Q3,44,54469
INTU_2023Q4,88,59303
INTU_2024Q1,87,53896
INTU_2024Q2,83,60673
INTU_2024Q3,85,54656
INTU_2024Q4,71,55946
ISRG_2020Q1,71,51553
ISRG_2020Q2,58,54328
ISRG_2020Q3,55,55108
ISRG_2020Q4,48,54958
ISRG_2021Q1,58,53490
ISRG_2021Q2,53,26986
ISRG_2021Q3,57,52840
ISRG_2021Q4,42,53621
ISRG_2022Q1,43,54289
ISRG_2022Q2,48,54831
ISRG_2022Q3,47,52516
ISRG_2022Q4,46,52697
ISRG_2023Q1,56,20196
ISRG_2023Q2,48,18217
ISRG_2023Q3,67,47328
ISRG_2023Q4,55,50544
ISRG_2024Q1,67,50654
ISRG_2024Q2,64,52590
ISRG_2024Q3,45,49275
ISRG_2024Q4,48,52765
JNJ_2020Q1,50,91909
JNJ_2020Q2,50,71988
JNJ_2020Q3,52,70709
JNJ_2020Q4,45,73959
JNJ_2021Q1,57,65787
JNJ_2021Q2,63,71045
JNJ_2021Q3,46,52748
JNJ_2021Q4,45,73178
JNJ_2022Q1,45,55350
JNJ_2022Q2,39,54542
JNJ_2022Q3,40,54255
JNJ_2022Q4,36,56638
JNJ_2023Q1,37,49689
JNJ_2023Q2,44,59585
JNJ_2023Q3,51,59500
JNJ_2023Q4,47,56560
JNJ_2024Q1,39,54158
JNJ_2024Q2,42,52317
JNJ_2024Q3,38,53230
JNJ_2024Q4,35,61141
JPM_2020Q1,91,58772
JPM_2020Q2,108,65212
JPM_2020Q3,106,53659
JPM_2020Q4,183,85424
JPM_2021Q1,90,56470
JPM_2021Q2,110,66716
JPM_2021Q3,96,57789
JPM_2021Q4,108,86177
JPM_2022Q1,91,47718
JPM_2022Q2,98,47581
JPM_2022Q3,76,43835
JPM_2022Q4,97,55707
JPM_2023Q1,87,47006
JPM_2023Q2,103,55162
JPM_2023Q3,91,55863
JPM_2023Q4,72,42752
JPM_2024Q1,64,15921
JPM_2024Q2,76,51253
JPM_2024Q3,91,59488
JPM_2024Q4,74,45573
KHC_2020Q1,62,48982
KHC_2020Q2,61,52070
KHC_2020Q3,48,44690
KHC_2020Q4,71,23954
KHC_2021Q1,61,22971
KHC_2021Q2,59,29105
KHC_2021Q3,54,25238
KHC_2021Q4,43,23779
KHC_2022Q1,53,28821
KHC_2022Q2,71,29044
KHC_2022Q3,46,25772
KHC_2022Q4,54,32511
KHC_2023Q1,42,25196
KHC_2023Q2,68,26691
KHC_2023Q3,63,25646
KHC_2023Q4,73,28624
KHC_2024Q1,40,14220
KHC_2024Q2,40,28543
KHC_2024Q3,56,29134
KHC_2024Q4,39,25772
KLAC_2020Q1,68,32385
KLAC_2020Q2,75,53766
KLAC_2020Q3,51,18177
KLAC_2020Q4,82,57115
KLAC_2021Q1,49,42027
KLAC_2021Q2,83,53092
KLAC_2021Q3,76,63311
KLAC_2021Q4,73,55843
KLAC_2022Q1,70,25727
KLAC_2022Q2,47,18517
KLAC_2022Q3,58,13119
KLAC_2022Q4,42,11456
KLAC_2023Q1,63,53498
KLAC_2023Q2,71,22121
KLAC_2023Q3,78,27202
KLAC_2023Q4,52,15997
KLAC_2024Q1,82,30606
KLAC_2024Q2,67,24564
KLAC_2024Q3,68,47012
KLAC_2024Q4,101,57281
KMI_2020Q1,96,53822
KMI_2020Q2,82,54176
KMI_2020Q3,82,57278
KMI_2020Q4,104,64132
KMI_2021Q1,99,52218
KMI_2021Q2,105,53687
KMI_2021Q3,76,48116
KMI_2021Q4,80,45848
KMI_2022Q1,65,35942
KMI_2022Q2,99,49200
KMI_2022Q3,94,45700
KMI_2022Q4,66,39723
KMI_2023Q1,68,33543
KMI_2023Q2,87,42725
KMI_2023Q3,76,39368
KMI_2023Q4,81,38540
KMI_2024Q1,59,28971
KMI_2024Q2,86,40073
KMI_2024Q3,73,36131
KMI_2024Q4,89,39979
KO_2020Q1,56,59616
KO_2020Q2,48,60821
KO_2020Q3,54,58744
KO_2020Q4,44,50056
KO_2021Q1,50,55575
KO_2021Q2,47,54342
KO_2021Q3,61,54557
KO_2021Q4,51,53150
KO_2022Q1,54,51171
KO_2022Q2,43,51802
KO_2022Q3,49,52653
KO_2022Q4,45,52071
KO_2023Q1,54,13899
KO_2023Q2,52,50205
KO_2023Q3,49,49117
KO_2023Q4,56,55421
KO_2024Q1,55,18261
KO_2024Q2,47,48495
KO_2024Q3,59,52769
KO_2024Q4,53,51553
LLY_2020Q1,82,81173
LLY_2020Q2,99,94733
LLY_2020Q3,51,70839
LLY_2020Q4,97,73968
LLY_2021Q1,80,76167
LLY_2021Q2,82,82352
LLY_2021Q3,95,77477
LLY_2021Q4,94,64687
LLY_2022Q1,109,77720
LLY_2022Q2,112,76620
LLY_2022Q3,92,85746
LLY_2022Q4,99,66373
LLY_2023Q1,64,68263
LLY_2023Q2,81,68085
LLY_2023Q3,99,60275
LLY_2023Q4,92,68602
LLY_2024Q1,86,21003
LLY_2024Q2,78,60046
LLY_2024Q3,81,58972
LLY_2024Q4,87,52363
LOW_2020Q1,58,24191
LOW_2020Q2,58,24513
LOW_2020Q3,47,16724
LOW_2020Q4,60,21876
LOW_2021Q1,59,25945
LOW_2021Q2,60,18110
LOW_2021Q4,62,25610
LOW_2022Q1,57,21423
LOW_2022Q2,60,22898
LOW_2022Q3,46,17162
LOW_2022Q4,63,14905
LOW_2023Q1,57,24111
LOW_2023Q3,50,23645
LOW_2023Q4,43,20384
LOW_2024Q1,60,24890
LOW_2024Q2,72,56805
LOW_2024Q3,56,54720
LOW_2024Q4,73,57947
LRCX_2020Q1,73,47397
LRCX_2020Q2,122,54660
LRCX_2020Q3,82,53137
LRCX_2020Q4,115,54885
LRCX_2021Q1,91,55591
LRCX_2021Q2,73,54041
LRCX_2021Q3,89,52932
LRCX_2021Q4,89,52714
LRCX_2022Q1,115,53543
LRCX_2022Q2,85,51423
LRCX_2022Q3,91,54768
LRCX_2022Q4,116,57855
LRCX_2023Q1,97,51273
LRCX_2023Q2,113,53238
LRCX_2023Q3,76,49742
LRCX_2023Q4,104,55723
LRCX_2024Q1,102,56152
LRCX_2024Q2,83,53307
LRCX_2024Q3,81,52993
LRCX_2024Q4,94,52589
MCD_2020Q1,49,53019
MCD_2020Q2,52,52992
MCD_2020Q3,5,13523
MCD_2020Q4,49,51690
MCD_2021Q1,54,55747
MCD_2021Q2,55,53410
MCD_2021Q3,59,56581
MCD_2021Q4,52,52429
MCD_2022Q1,59,51974
MCD_2022Q2,49,53528
MCD_2022Q3,59,54159
MCD_2022Q4,49,56181
MCD_2023Q1,47,53762
MCD_2023Q2,42,53190
MCD_2023Q3,52,52961
MCD_2023Q4,44,55194
MCD_2024Q1,59,18282
MCD_2024Q2,53,56194
MCD_2024Q3,44,54937
MCD_2024Q4,41,56785
MCHP_2020Q1,115,59807
MCHP_2020Q2,118,57885
MCHP_2020Q3,87,49128
MCHP_2020Q4,84,65400
MCHP_2021Q1,115,64740
MCHP_2021Q2,88,35083
MCHP_2021Q3,100,48922
MCHP_2021Q4,74,44701
MCHP_2022Q1,92,59856
MCHP_2022Q2,113,58080
MCHP_2022Q3,93,49568
MCHP_2022Q4,78,57671
MCHP_2023Q1,46,39118
MCHP_2023Q2,84,58585
MCHP_2023Q3,118,60574
MCHP_2023Q4,84,51056
MCHP_2024Q1,86,43675
MCHP_2024Q2,96,54510
MCHP_2024Q3,112,59976
MCHP_2024Q4,116,61693
MCO_2020Q1,82,61395
MCO_2020Q2,79,63925
MCO_2020Q3,96,75286
MCO_2020Q4,81,71660
MCO_2021Q1,89,73034
MCO_2021Q2,88,77959
MCO_2021Q3,69,72976
MCO_2021Q4,88,83221
MCO_2022Q1,92,71663
MCO_2022Q2,90,73252
MCO_2022Q3,85,69287
MCO_2022Q4,74,57867
MCO_2023Q1,76,64341
MCO_2023Q2,88,67296
MCO_2023Q3,69,60143
MCO_2023Q4,76,69230
MCO_2024Q1,79,21316
MCO_2024Q2,71,56917
MCO_2024Q3,89,63537
MCO_2024Q4,76,60399
MDLZ_2020Q1,99,75170
MDLZ_2020Q2,93,57040
MDLZ_2020Q3,70,52859
MDLZ_2020Q4,52,39239
MDLZ_2021Q1,84,39659
MDLZ_2021Q2,72,34604
MDLZ_2021Q3,89,55011
MDLZ_2021Q4,51,53797
MDLZ_2022Q1,87,50167
MDLZ_2022Q2,38,46961
MDLZ_2022Q3,40,46533
MDLZ_2022Q4,53,50270
MDLZ_2023Q1,71,47335
MDLZ_2023Q2,66,46479
MDLZ_2023Q3,45,50551
MDLZ_2023Q4,67,49999
MDLZ_2024Q1,40,13262
MDLZ_2024Q2,63,47203
MDLZ_2024Q3,54,45781
MDLZ_2024Q4,44,48108
MDT_2020Q1,89,59993
MDT_2020Q2,83,61420
MDT_2020Q3,99,57434
MDT_2020Q4,58,63741
MDT_2021Q1,50,59749
MDT_2021Q2,85,59267
MDT_2021Q3,63,55769
MDT_2021Q4,80,54844
MDT_2022Q1,70,50493
MDT_2022Q2,46,55513
MDT_2022Q3,70,55962
MDT_2022Q4,52,58779
MDT_2023Q1,64,60155
MDT_2023Q2,80,54325
MDT_2023Q3,66,55863
MDT_2023Q4,103,59762
MDT_2024Q1,74,53494
MDT_2024Q2,58,57524
MDT_2024Q3,57,55097
MDT_2024Q4,70,56131
META_2020Q1,48,55786
META_2020Q2,45,55146
META_2020Q3,43,56696
META_2020Q4,48,58243
META_2021Q1,39,56383
META_2021Q2,53,59692
META_2021Q3,50,55504
META_2021Q4,45,57945
META_2022Q1,43,56627
META_2022Q2,44,58198
META_2022Q3,40,54283
META_2022Q4,45,55306
META_2023Q1,37,56537
META_2023Q2,32,60082
META_2023Q3,29,56527
META_2023Q4,31,55220
META_2024Q1,37,11479
META_2024Q2,37,56202
META_2024Q3,34,51328
META_2024Q4,36,53294
MET_2020Q1,45,50823
MET_2020Q2,49,49754
MET_2020Q3,62,49100
MET_2020Q4,54,49678
MET_2021Q1,47,44767
MET_2021Q2,49,49939
MET_2021Q3,42,43419
MET_2021Q4,51,49555
MET_2022Q1,62,48210
MET_2022Q2,59,50875
MET_2022Q3,54,47853
MET_2022Q4,44,50092
MET_2023Q1,60,50597
MET_2023Q2,64,48801
MET_2023Q3,63,46282
MET_2023Q4,50,51130
MET_2024Q1,42,10885
MET_2024Q2,59,50236
MET_2024Q3,48,49501
MET_2024Q4,50,51550
MMC_2020Q1,46,49599
MMC_2020Q2,54,51173
MMC_2020Q3,58,52242
MMC_2020Q4,50,31480
MMC_2021Q1,55,36225
MMC_2021Q2,61,30541
MMC_2021Q3,72,49671
MMC_2021Q4,60,50387
MMC_2022Q1,79,51628
MMC_2022Q2,63,42672
MMC_2022Q3,99,51582
MMC_2022Q4,89,49859
MMC_2023Q1,74,50873
MMC_2023Q2,84,48045
MMC_2023Q3,62,50244
MMC_2023Q4,77,49081
MMC_2024Q1,61,53732
MMC_2024Q2,74,50700
MMC_2024Q3,60,47803
MMC_2024Q4,69,51282
MPC_2020Q1,66,48675
MPC_2020Q2,68,46394
MPC_2020Q3,76,51077
MPC_2020Q4,78,49151
MPC_2021Q1,88,49160
MPC_2021Q2,77,45789
MPC_2021Q3,82,55426
MPC_2021Q4,68,56994
MPC_2022Q1,88,54917
MPC_2022Q2,58,47397
MPC_2022Q3,75,54684
MPC_2022Q4,67,54354
MPC_2023Q1,68,53726
MPC_2023Q2,94,47138
MPC_2023Q3,71,47709
MPC_2023Q4,79,54251
MPC_2024Q1,66,20861
MPC_2024Q2,55,31813
MPC_2024Q3,48,34658
MPC_2024Q4,91,49617
MRK_2020Q1,66,68985
MRK_2020Q2,54,62415
MRK_2020Q3,56,53990
MRK_2020Q4,64,65356
MRK_2021Q1,43,51497
MRK_2021Q2,59,62070
MRK_2021Q3,59,57886
MRK_2021Q4,43,50278
MRK_2022Q1,44,51225
MRK_2022Q2,40,47685
MRK_2022Q3,57,49735
MRK_2022Q4,58,51453
MRK_2023Q1,67,52134
MRK_2023Q2,59,52903
MRK_2023Q3,64,58835
MRK_2023Q4,75,52536
MRK_2024Q1,58,19559
MRK_2024Q2,73,64678
MRK_2024Q3,57,51430
MRK_2024Q4,55,57802
MSFT_2020Q1,50,47503
MSFT_2020Q2,53,48326
MSFT_2020Q3,40,55243
MSFT_2020Q4,51,51517
MSFT_2021Q1,45,54348
MSFT_2021Q2,51,50810
MSFT_2021Q3,51,53769
MSFT_2021Q4,35,50995
MSFT_2022Q1,53,53249
MSFT_2022Q2,37,53896
MSFT_2022Q3,60,56100
MSFT_2022Q4,36,53833
MSFT_2023Q1,49,55267
MSFT_2023Q2,51,53102
MSFT_2023Q3,53,53499
MSFT_2023Q4,38,56609
MSFT_2024Q1,51,53332
MSFT_2024Q2,51,55258
MSFT_2024Q3,51,54545
MSFT_2024Q4,52,52577
MS_2020Q1,41,59335
MS_2020Q2,50,60290
MS_2020Q3,47,60751
MS_2020Q4,60,55336
MS_2021Q1,74,56402
MS_2021Q2,54,50184
MS_2021Q3,44,41633
MS_2021Q4,67,55870
MS_2022Q1,51,42021
MS_2022Q2,67,53595
MS_2022Q3,54,46235
MS_2022Q4,42,51937
MS_2023Q1,59,52794
MS_2023Q2,59,49885
MS_2023Q3,64,56679
MS_2023Q4,39,62843
MS_2024Q1,45,44284
MS_2024Q2,66,50171
MS_2024Q3,66,54704
MS_2024Q4,66,66949
NFLX_2020Q1,62,36172
NFLX_2020Q2,64,41531
NFLX_2020Q3,60,38860
NFLX_2020Q4,76,38232
NFLX_2021Q1,68,37751
NFLX_2021Q2,57,38130
NFLX_2021Q3,62,38657
NFLX_2021Q4,60,43072
NFLX_2022Q1,72,41387
NFLX_2022Q2,80,42524
NFLX_2022Q3,70,41576
NFLX_2022Q4,61,46945
NFLX_2023Q1,87,43448
NFLX_2023Q2,58,32817
NFLX_2023Q3,43,43808
NFLX_2023Q4,60,40485
NFLX_2024Q1,57,44681
NFLX_2024Q2,53,42924
NFLX_2024Q3,43,38290
NFLX_2024Q4,48,32218
NKE_2020Q1,38,54278
NKE_2020Q2,40,55326
NKE_2020Q3,28,55080
NKE_2020Q4,35,51802
NKE_2021Q1,52,53438
NKE_2021Q2,35,54562
NKE_2021Q3,38,54198
NKE_2021Q4,40,48623
NKE_2022Q1,30,52933
NKE_2022Q2,41,50426
NKE_2022Q3,32,53622
NKE_2022Q4,29,53448
NKE_2023Q1,34,55822
NKE_2023Q2,38,52298
NKE_2023Q3,35,51430
NKE_2023Q4,26,53319
NKE_2024Q1,39,54629
NKE_2024Q2,32,52046
NKE_2024Q3,30,51235
NKE_2024Q4,35,54891
NOW_2020Q1,50,58598
NOW_2020Q2,77,56003
NOW_2020Q3,45,57543
NOW_2020Q4,51,56750
NOW_2021Q1,67,53801
NOW_2021Q2,70,50847
NOW_2021Q3,72,53980
NOW_2021Q4,61,56307
NOW_2022Q1,67,54996
NOW_2022Q2,93,56631
NOW_2022Q3,49,47376
NOW_2022Q4,61,50056
NOW_2023Q1,73,50393
NOW_2023Q2,83,55837
NOW_2023Q3,87,51669
NOW_2023Q4,84,52434
NOW_2024Q1,65,24802
NOW_2024Q2,72,55220
NOW_2024Q3,77,55221
NOW_2024Q4,62,60546
NVDA_2020Q1,54,50621
NVDA_2020Q2,40,46987
NVDA_2020Q3,43,46415
NVDA_2020Q4,45,49109
NVDA_2021Q1,65,76000
NVDA_2021Q2,39,48119
NVDA_2021Q3,43,47151
NVDA_2021Q4,30,50428
NVDA_2022Q1,32,49368
NVDA_2022Q2,41,52487
NVDA_2022Q3,28,49070
NVDA_2022Q4,46,46156
NVDA_2023Q1,38,49111
NVDA_2023Q2,48,46740
NVDA_2023Q3,48,46547
NVDA_2023Q4,39,45874
NVDA_2024Q1,38,53688
NVDA_2024Q2,37,49475
NVDA_2024Q3,32,53820
NVDA_2024Q4,36,47992
OKE_2020Q1,102,50450
OKE_2020Q2,96,46492
OKE_2020Q3,104,55743
OKE_2020Q4,106,52375
OKE_2021Q1,118,53492
OKE_2021Q2,108,52686
OKE_2021Q3,68,35423
OKE_2021Q4,84,44610
OKE_2022Q1,62,32212
OKE_2022Q2,95,39326
OKE_2022Q3,46,30140
OKE_2022Q4,56,38280
OKE_2023Q1,96,35643
OKE_2023Q2,76,42701
OKE_2023Q3,92,43937
OKE_2023Q4,96,48922
OKE_2024Q1,74,28039
OKE_2024Q2,66,39676
OKE_2024Q3,74,38272
OKE_2024Q4,55,43007
ORCL_2020Q1,44,39869
ORCL_2020Q2,39,43018
ORCL_2020Q3,31,35259
ORCL_2020Q4,28,45812
ORCL_2021Q1,35,32665
ORCL_2021Q2,30,28865
ORCL_2021Q3,30,32014
ORCL_2021Q4,29,27188
ORCL_2022Q1,40,27026
ORCL_2022Q2,39,43092
ORCL_2022Q3,29,38915
ORCL_2022Q4,29,35994
ORCL_2023Q1,39,34862
ORCL_2023Q2,28,41413
ORCL_2023Q3,30,38298
ORCL_2023Q4,38,38009
ORCL_2024Q1,34,30263
ORCL_2024Q2,70,39760
ORCL_2024Q3,49,35652
ORCL_2024Q4,38,34389
OXY_2020Q1,75,53813
OXY_2020Q2,69,54437
OXY_2020Q3,66,51825
OXY_2020Q4,46,41387
OXY_2021Q1,62,18509
OXY_2021Q2,45,18004
OXY_2021Q3,58,19312
OXY_2021Q4,55,16428
OXY_2022Q1,52,17953
OXY_2022Q2,48,18691
OXY_2022Q3,49,16467
OXY_2022Q4,55,17306
OXY_2023Q1,49,20019
OXY_2023Q2,61,27382
OXY_2023Q3,50,14072
OXY_2023Q4,63,22101
OXY_2024Q1,59,20258
OXY_2024Q2,56,49161
OXY_2024Q3,43,49340
OXY_2024Q4,75,51350
PANW_2020Q1,90,57362
PANW_2020Q2,104,56398
PANW_2020Q3,43,51398
PANW_2020Q4,55,53412
PANW_2021Q1,96,69965
PANW_2021Q2,74,60954
PANW_2021Q3,64,61407
PANW_2021Q4,49,57951
PANW_2022Q1,62,59978
PANW_2022Q2,47,56140
PANW_2022Q3,70,56059
PANW_2022Q4,57,58511
PANW_2023Q1,64,53693
PANW_2023Q2,55,63324
PANW_2023Q3,58,62105
PANW_2023Q4,82,143862
PANW_2024Q1,63,55194
PANW_2024Q2,61,63487
PANW_2024Q3,80,60263
PANW_2024Q4,43,60156
PEP_2020Q1,48,33716
PEP_2020Q2,42,32781
PEP_2020Q3,47,33879
PEP_2020Q4,57,33589
PEP_2021Q1,54,33324
PEP_2021Q2,48,34217
PEP_2021Q3,65,34590
PEP_2021Q4,48,29638
PEP_2022Q1,53,26998
PEP_2022Q2,48,36349
PEP_2022Q3,38,27777
PEP_2022Q4,54,34439
PEP_2023Q1,47,24854
PEP_2023Q2,61,28404
PEP_2023Q3,45,23514
PEP_2023Q4,56,34731
PEP_2024Q1,53,30268
PEP_2024Q2,50,36327
PEP_2024Q3,43,36130
PEP_2024Q4,54,40332
PFE_2020Q1,70,56965
PFE_2020Q2,73,52074
PFE_2020Q3,83,56733
PFE_2020Q4,69,57027
PFE_2021Q1,50,45664
PFE_2021Q2,112,45648
PFE_2021Q3,88,83710
PFE_2021Q4,88,97250
PFE_2022Q1,97,59884
PFE_2022Q2,98,81023
PFE_2022Q3,80,64480
PFE_2022Q4,96,72734
PFE_2023Q1,109,69921
PFE_2023Q2,97,79197
PFE_2023Q3,82,57050
PFE_2023Q4,101,71649
PFE_2024Q1,116,32870
PFE_2024Q2,98,58048
PFE_2024Q3,93,78539
PFE_2024Q4,93,62613
PG_2020Q1,58,46449
PG_2020Q2,48,45736
PG_2020Q3,45,67264
PG_2020Q4,48,57437
PG_2021Q1,48,44850
PG_2021Q2,42,50688
PG_2021Q3,54,48839
PG_2021Q4,56,64437
PG_2022Q1,53,52629
PG_2022Q2,59,60162
PG_2022Q3,53,57016
PG_2022Q4,50,50430
PG_2023Q1,56,48256
PG_2023Q2,74,56213
PG_2023Q3,62,55452
PG_2023Q4,57,54892
PG_2024Q1,42,37418
PG_2024Q2,64,62378
PG_2024Q3,52,54064
PG_2024Q4,64,71336
PNC_2020Q1,90,34873
PNC_2020Q2,110,47623
PNC_2020Q3,85,36299
PNC_2020Q4,69,21783
PNC_2021Q1,117,35097
PNC_2021Q2,65,24397
PNC_2021Q3,190,52189
PNC_2021Q4,125,39670
PNC_2022Q1,57,32176
PNC_2022Q2,156,51815
PNC_2022Q3,85,32389
PNC_2022Q4,101,46532
PNC_2023Q1,78,42454
PNC_2023Q2,71,35383
PNC_2023Q3,105,43228
PNC_2023Q4,113,51066
PNC_2024Q1,117,43704
PNC_2024Q2,128,48404
PNC_2024Q3,109,40912
PNC_2024Q4,102,44217
PRU_2020Q1,56,48464
PRU_2020Q2,51,43396
PRU_2020Q3,71,45274
PRU_2020Q4,81,52170
PRU_2021Q1,84,50788
PRU_2021Q2,82,46868
PRU_2021Q3,72,47946
PRU_2021Q4,69,51450
PRU_2022Q1,51,41486
PRU_2022Q2,61,45053
PRU_2022Q3,92,54043
PRU_2022Q4,83,49822
PRU_2023Q1,73,53805
PRU_2023Q2,64,47765
PRU_2023Q3,74,46705
PRU_2023Q4,68,50277
PRU_2024Q1,64,17562
PRU_2024Q2,64,42771
PRU_2024Q3,74,52809
PRU_2024Q4,72,52153
PSX_2020Q1,88,51392
PSX_2020Q2,77,51408
PSX_2020Q3,74,51487
PSX_2020Q4,39,15724
PSX_2021Q1,25,13708
PSX_2021Q2,37,14736
PSX_2021Q3,85,52295
PSX_2021Q4,94,55174
PSX_2022Q1,105,51101
PSX_2022Q2,86,50191
PSX_2022Q3,53,35751
PSX_2022Q4,68,40116
PSX_2023Q1,73,47268
PSX_2023Q2,79,50812
PSX_2023Q3,84,46535
PSX_2023Q4,75,42604
PSX_2024Q1,69,20551
PSX_2024Q2,78,44669
PSX_2024Q3,90,46917
PSX_2024Q4,91,51177
PXD_2020Q1,71,36236
PXD_2020Q2,116,51319
PXD_2020Q3,103,35499
PXD_2020Q4,79,38884
PXD_2021Q1,115,43464
PXD_2021Q2,100,38356
PXD_2021Q4,73,45656
PXD_2022Q1,59,37332
PXD_2022Q2,56,30290
PXD_2022Q3,111,43728
PXD_2022Q4,51,24211
PXD_2023Q1,67,41043
PXD_2023Q2,75,48844
QCOM_2020Q1,58,34619
QCOM_2020Q2,80,44702
QCOM_2020Q3,63,43085
QCOM_2020Q4,69,46883
QCOM_2021Q1,82,50611
QCOM_2021Q2,71,49972
QCOM_2021Q3,63,46192
QCOM_2021Q4,65,38037
QCOM_2022Q1,62,43257
QCOM_2022Q2,57,40624
QCOM_2022Q3,62,40931
QCOM_2022Q4,58,41622
QCOM_2023Q1,60,38580
QCOM_2023Q2,58,40624
QCOM_2023Q3,51,37382
QCOM_2023Q4,55,43273
QCOM_2024Q1,53,36285
QCOM_2024Q2,49,33148
QCOM_2024Q3,49,37779
QCOM_2024Q4,47,33686
REGN_2020Q1,69,69998
REGN_2020Q2,71,52196
REGN_2020Q3,60,52916
REGN_2020Q4,44,42756
REGN_2021Q1,75,37060
REGN_2021Q2,61,57253
REGN_2021Q3,56,52785
REGN_2021Q4,48,49751
REGN_2022Q1,60,49220
REGN_2022Q2,50,55201
REGN_2022Q3,60,54131
REGN_2022Q4,62,54985
REGN_2023Q1,66,54782
REGN_2023Q2,72,51398
REGN_2023Q3,63,57162
REGN_2023Q4,48,54693
REGN_2024Q1,45,19106
REGN_2024Q2,70,54766
REGN_2024Q3,70,54229
REGN_2024Q4,65,56671
ROST_2020Q1,98,32169
ROST_2020Q2,94,30369
ROST_2020Q3,99,24968
ROST_2020Q4,77,21625
ROST_2021Q1,86,23127
ROST_2021Q2,70,20793
ROST_2021Q3,91,24167
ROST_2021Q4,50,16669
ROST_2022Q1,93,22606
ROST_2022Q2,84,19469
ROST_2022Q3,83,21241
ROST_2022Q4,82,32223
ROST_2023Q1,90,24391
ROST_2023Q3,92,23749
ROST_2023Q4,97,30723
ROST_2024Q1,85,22350
ROST_2024Q2,98,39457
ROST_2024Q3,77,40037
ROST_2024Q4,101,43161
SBUX_2020Q1,62,64332
SBUX_2020Q2,66,78686
SBUX_2020Q3,60,77787
SBUX_2020Q4,64,83774
SBUX_2021Q1,54,68341
SBUX_2021Q2,56,69345
SBUX_2021Q3,48,63447
SBUX_2021Q4,43,67048
SBUX_2022Q1,42,54003
SBUX_2022Q2,57,70198
SBUX_2022Q3,50,72642
SBUX_2022Q4,58,72282
SBUX_2023Q1,70,63466
SBUX_2023Q2,36,57166
SBUX_2023Q3,52,65969
SBUX_2023Q4,36,51850
SBUX_2024Q1,54,68033
SBUX_2024Q2,47,15154
SBUX_2024Q3,47,57449
SBUX_2024Q4,52,59347
SCHW_2020Q3,73,69174
SCHW_2022Q1,45,19013
SCHW_2022Q2,48,54287
SCHW_2022Q3,42,47211
SCHW_2022Q4,35,48227
SCHW_2023Q1,103,224428
SCHW_2023Q2,43,50443
SCHW_2023Q3,39,49585
SCHW_2023Q4,29,53700
SCHW_2024Q1,40,52069
SCHW_2024Q2,43,50436
SCHW_2024Q3,33,47797
SCHW_2024Q4,40,52228
SJM_2020Q1,92,56714
SJM_2020Q2,61,48430
SJM_2020Q3,81,50893
SJM_2020Q4,82,63872
SJM_2021Q1,61,47425
SJM_2021Q2,96,48082
SJM_2021Q3,69,44924
SJM_2021Q4,79,60556
SJM_2022Q1,60,23006
SJM_2022Q2,78,34987
SJM_2022Q3,77,27486
SJM_2022Q4,56,30342
SJM_2023Q1,88,27904
SJM_2023Q2,3,22820
SJM_2023Q3,92,25654
SJM_2023Q4,3,25361
SJM_2024Q1,64,22928
SJM_2024Q2,42,19651
SJM_2024Q3,91,35583
SJM_2024Q4,3,25170
SLB_2020Q1,57,50776
SLB_2020Q2,67,53692
SLB_2020Q3,59,53312
SLB_2020Q4,62,51824
SLB_2021Q1,63,50242
SLB_2021Q2,79,51793
SLB_2021Q3,56,50517
SLB_2021Q4,59,52597
SLB_2022Q1,71,51129
SLB_2022Q2,86,48397
SLB_2022Q3,71,45830
SLB_2022Q4,83,51338
SLB_2023Q1,66,49185
SLB_2023Q2,78,47479
SLB_2023Q3,85,46741
SLB_2023Q4,46,48079
SLB_2024Q1,70,48393
SLB_2024Q2,56,47446
SLB_2024Q3,56,48311
SLB_2024Q4,78,48994
SNPS_2020Q1,73,47167
SNPS_2020Q2,64,47042
SNPS_2020Q3,91,50996
SNPS_2020Q4,72,49339
SNPS_2021Q1,61,49465
SNPS_2021Q2,59,20686
SNPS_2021Q3,62,21098
SNPS_2021Q4,52,49078
SNPS_2022Q1,58,38326
SNPS_2022Q2,50,38884
SNPS_2022Q3,52,41660
SNPS_2022Q4,60,42608
SNPS_2023Q1,72,47743
SNPS_2023Q2,78,52772
SNPS_2023Q3,86,48297
SNPS_2023Q4,63,44278
SNPS_2024Q1,67,43655
SNPS_2024Q2,84,40810
SNPS_2024Q3,62,45296
SNPS_2024Q4,79,46001
SPGI_2020Q1,82,61403
SPGI_2020Q2,97,59835
SPGI_2020Q3,83,63802
SPGI_2020Q4,98,57175
SPGI_2021Q1,86,47105
SPGI_2021Q2,74,44606
SPGI_2021Q3,108,68039
SPGI_2021Q4,86,65937
SPGI_2022Q1,109,80722
SPGI_2022Q2,109,80607
SPGI_2022Q3,75,76620
SPGI_2022Q4,79,80520
SPGI_2023Q1,95,81982
SPGI_2023Q2,67,75749
SPGI_2023Q3,59,66304
SPGI_2023Q4,71,76724
SPGI_2024Q1,53,14738
SPGI_2024Q2,64,62221
SPGI_2024Q3,72,63640
SPGI_2024Q4,66,72782
SYK_2020Q1,98,69034
SYK_2020Q2,99,64491
SYK_2020Q3,84,57455
SYK_2020Q4,93,68805
SYK_2021Q1,99,62153
SYK_2021Q2,118,61842
SYK_2021Q3,56,48322
SYK_2021Q4,100,63781
SYK_2022Q1,78,53010
SYK_2022Q2,99,69216
SYK_2022Q3,93,61751
SYK_2022Q4,99,59148
SYK_2023Q1,105,63112
SYK_2023Q2,81,57798
SYK_2023Q3,77,50138
SYK_2023Q4,103,73853
SYK_2024Q1,79,27135
SYK_2024Q2,115,66014
SYK_2024Q3,124,67578
SYK_2024Q4,77,64245
TFC_2020Q1,108,65713
TFC_2020Q2,100,63892
TFC_2020Q3,56,58181
TFC_2020Q4,66,62788
TFC_2021Q1,84,56859
TFC_2021Q2,80,56751
TFC_2021Q3,68,53897
TFC_2021Q4,56,53082
TFC_2022Q1,66,55817
TFC_2022Q2,63,56007
TFC_2022Q3,58,54879
TFC_2022Q4,70,51559
TFC_2023Q1,68,54193
TFC_2023Q2,74,59344
TFC_2023Q3,79,56893
TFC_2023Q4,73,58167
TFC_2024Q1,84,57896
TFC_2024Q2,77,66436
TFC_2024Q3,62,52266
TFC_2024Q4,79,59826
TGT_2020Q1,56,23195
TGT_2020Q2,43,21039
TGT_2020Q3,43,14648
TGT_2020Q4,65,28588
TGT_2021Q1,45,13879
TGT_2021Q2,56,18356
TGT_2021Q3,40,15075
TGT_2021Q4,78,29270
TGT_2022Q1,52,18702
TGT_2022Q2,54,22235
TGT_2022Q3,47,17944
TGT_2022Q4,75,24612
TGT_2023Q1,47,21187
TGT_2023Q3,52,18960
TGT_2023Q4,78,33167
TGT_2024Q1,41,12920
TGT_2024Q2,46,62488
TGT_2024Q3,46,67149
TGT_2024Q4,59,122318
TJX_2020Q1,104,49703
TJX_2020Q2,76,51027
TJX_2020Q3,73,50815
TJX_2020Q4,53,51979
TJX_2021Q1,59,56034
TJX_2021Q2,36,51734
TJX_2021Q3,66,56391
TJX_2021Q4,51,56542
TJX_2022Q1,88,52099
TJX_2022Q2,53,14291
TJX_2022Q3,63,19897
TJX_2022Q4,52,53101
TJX_2023Q1,58,54137
TJX_2023Q2,44,52402
TJX_2023Q3,63,51300
TJX_2023Q4,48,48573
TJX_2024Q1,104,48836
TJX_2024Q2,62,46037
TJX_2024Q3,61,47101
TJX_2024Q4,53,49965
TMO_2020Q1,68,57315
TMO_2020Q2,55,58093
TMO_2020Q3,56,53346
TMO_2020Q4,42,56591
TMO_2021Q1,5,7183
TMO_2021Q2,57,53265
TMO_2021Q3,69,53380
TMO_2021Q4,71,54898
TMO_2022Q1,63,53400
TMO_2022Q2,64,53827
TMO_2022Q3,55,53489
TMO_2022Q4,57,53344
TMO_2023Q1,63,50686
TMO_2023Q2,49,54858
TMO_2023Q3,51,51669
TMO_2023Q4,44,53646
TMO_2024Q1,47,15228
TMO_2024Q2,45,49747
TMO_2024Q3,58,54654
TMO_2024Q4,42,53461
TRGP_2020Q1,53,38237
TRGP_2020Q2,52,31664
TRGP_2020Q3,78,44594
TRGP_2020Q4,91,48333
TRGP_2021Q1,96,46176
TRGP_2021Q2,80,34399
TRGP_2021Q3,97,42695
TRGP_2021Q4,88,43937
TRGP_2022Q1,82,43853
TRGP_2022Q2,64,40772
TRGP_2022Q3,85,40840
TRGP_2022Q4,93,54606
TRGP_2023Q1,55,38477
TRGP_2023Q2,65,43147
TRGP_2023Q3,106,53141
TRGP_2023Q4,86,53048
TRGP_2024Q1,65,25662
TRGP_2024Q2,93,41552
TRGP_2024Q3,71,46866
TRGP_2024Q4,87,58404
TRV_2020Q1,61,56707
TRV_2020Q2,100,58265
TRV_2020Q3,108,60357
TRV_2020Q4,111,67668
TRV_2021Q1,89,51022
TRV_2021Q2,82,58291
TRV_2021Q3,95,59258
TRV_2021Q4,79,65066
TRV_2022Q1,76,62506
TRV_2022Q2,70,55256
TRV_2022Q3,107,61510
TRV_2022Q4,60,53200
TRV_2023Q1,125,59728
TRV_2023Q2,70,53701
TRV_2023Q3,84,54512
TRV_2023Q4,75,56758
TRV_2024Q1,86,53720
TRV_2024Q2,91,57281
TRV_2024Q3,65,43445
TRV_2024Q4,70,54651
TSLA_2020Q1,90,46601
TSLA_2020Q2,94,48537
TSLA_2020Q3,108,50596
TSLA_2020Q4,81,48182
TSLA_2021Q1,70,47601
TSLA_2021Q2,101,43632
TSLA_2021Q3,87,50698
TSLA_2021Q4,85,42769
TSLA_2022Q1,123,49373
TSLA_2022Q2,117,49057
TSLA_2022Q3,137,42461
TSLA_2022Q4,93,47154
TSLA_2023Q1,108,50005
TSLA_2023Q2,92,48434
TSLA_2023Q3,88,41973
TSLA_2023Q4,136,47528
TSLA_2024Q1,162,54288
TSLA_2024Q2,86,45838
TSLA_2024Q3,110,52746
TSLA_2024Q4,79,52103
TXN_2020Q1,93,50853
TXN_2020Q2,54,35745
TXN_2020Q3,62,35293
TXN_2020Q4,48,25677
TXN_2021Q1,55,28727
TXN_2021Q2,62,30797
TXN_2021Q3,79,34653
TXN_2021Q4,51,32148
TXN_2022Q1,67,29079
TXN_2022Q2,76,28500
TXN_2022Q3,70,36590
TXN_2022Q4,53,31324
TXN_2023Q1,50,30158
TXN_2023Q2,57,26710
TXN_2023Q3,68,38077
TXN_2023Q4,74,33401
TXN_2024Q1,58,29473
TXN_2024Q2,90,44705
TXN_2024Q3,80,37803
TXN_2024Q4,73,41032
UNH_2020Q1,81,53498
UNH_2020Q2,71,55106
UNH_2020Q3,80,56407
UNH_2020Q4,73,47319
UNH_2021Q1,65,51011
UNH_2021Q2,58,50068
UNH_2021Q3,72,43976
UNH_2021Q4,70,43456
UNH_2022Q1,63,56195
UNH_2022Q2,60,49954
UNH_2022Q3,50,45917
UNH_2022Q4,67,53537
UNH_2023Q1,58,54628
UNH_2023Q2,51,41738
UNH_2023Q3,67,48797
UNH_2023Q4,68,53054
UNH_2024Q1,84,60511
UNH_2024Q2,59,48740
UNH_2024Q3,63,61633
UNH_2024Q4,55,57199
USB_2020Q1,59,42925
USB_2020Q2,107,43269
USB_2020Q3,106,36095
USB_2020Q4,127,47295
USB_2021Q1,131,54760
USB_2021Q2,144,46965
USB_2021Q3,86,41987
USB_2021Q4,134,50154
USB_2022Q1,89,49465
USB_2022Q2,109,51032
USB_2022Q3,90,37307
USB_2022Q4,138,52555
USB_2023Q1,140,49979
USB_2023Q2,104,42377
USB_2023Q3,86,44962
USB_2023Q4,99,42478
USB_2024Q1,104,28190
USB_2024Q2,139,52755
USB_2024Q3,110,44593
USB_2024Q4,106,48542
VLO_2020Q1,102,58431
VLO_2020Q2,113,55297
VLO_2020Q3,94,55651
VLO_2020Q4,77,55133
VLO_2021Q1,119,57047
VLO_2021Q2,87,49316
VLO_2021Q3,119,53785
VLO_2021Q4,90,53208
VLO_2022Q1,91,50335
VLO_2022Q2,113,46608
VLO_2022Q3,112,49896
VLO_2022Q4,115,45248
VLO_2023Q1,63,32956
VLO_2023Q2,109,47245
VLO_2023Q3,80,43374
VLO_2023Q4,110,52532
VLO_2024Q1,62,17058
VLO_2024Q2,66,40562
VLO_2024Q3,74,46258
VLO_2024Q4,107,49388
VRTX_2020Q1,1,55876
VRTX_2020Q2,1,52061
VRTX_2020Q3,1,55529
VRTX_2020Q4,50,38148
VRTX_2021Q1,75,35114
VRTX_2021Q2,57,36687
VRTX_2021Q3,50,55114
VRTX_2021Q4,46,52141
VRTX_2022Q1,55,49748
VRTX_2022Q2,51,49358
VRTX_2022Q3,58,51417
VRTX_2022Q4,62,56143
VRTX_2023Q1,52,52555
VRTX_2023Q2,51,49762
VRTX_2023Q3,64,52433
VRTX_2023Q4,58,61505
VRTX_2024Q1,61,17409
VRTX_2024Q2,51,52522
VRTX_2024Q3,52,52691
VRTX_2024Q4,71,61651
WFC_2020Q1,119,88878
WFC_2020Q2,138,95152
WFC_2020Q3,89,73367
WFC_2020Q4,84,88650
WFC_2021Q1,85,72102
WFC_2021Q2,87,66397
WFC_2021Q3,72,62952
WFC_2021Q4,73,74705
WFC_2022Q1,85,58178
WFC_2022Q2,99,66464
WFC_2022Q3,97,61823
WFC_2022Q4,86,72246
WFC_2023Q1,79,59363
WFC_2023Q2,89,55337
WFC_2023Q3,57,61309
WFC_2023Q4,78,61073
WFC_2024Q1,86,64943
WFC_2024Q2,72,57641
WFC_2024Q3,68,46353
WFC_2024Q4,62,61993
WMB_2020Q1,45,52396
WMB_2020Q2,62,56098
WMB_2020Q3,75,60507
WMB_2020Q4,79,67532
WMB_2021Q1,71,56560
WMB_2021Q2,53,57000
WMB_2021Q3,83,61742
WMB_2022Q1,61,57488
WMB_2022Q2,65,55956
WMB_2022Q3,53,48728
WMB_2023Q1,79,56958
WMB_2023Q2,89,54055
WMB_2023Q3,71,54774
WMB_2024Q1,66,30985
WMB_2024Q2,67,55766
WMB_2024Q3,70,53636
WMB_2024Q4,77,59110
WMT_2020Q4,300,93742
WMT_2021Q1,60,27443
WMT_2021Q2,75,57929
WMT_2021Q3,60,57712
WMT_2021Q4,174,175872
WMT_2022Q1,72,62247
WMT_2022Q2,56,59637
WMT_2022Q3,66,57443
WMT_2022Q4,57,58902
WMT_2023Q1,79,57976
WMT_2023Q2,80,67061
WMT_2023Q3,58,66020
WMT_2023Q4,64,18687
WMT_2024Q1,57,70418
WMT_2024Q2,65,67125
WMT_2024Q3,78,65951
WMT_2024Q4,48,60358
XOM_2020Q1,87,67642
XOM_2020Q2,78,76093
XOM_2020Q3,65,67416
XOM_2020Q4,73,75636
XOM_2021Q1,44,66279
XOM_2021Q2,50,73064
XOM_2021Q3,78,60172
XOM_2021Q4,84,53134
XOM_2022Q1,61,52535
XOM_2022Q2,62,52934
XOM_2022Q3,62,54801
XOM_2022Q4,79,55253
XOM_2023Q1,90,45129
XOM_2023Q2,98,53480
XOM_2023Q3,76,51601
XOM_2023Q4,75,52194
XOM_2024Q1,4,1484
XOM_2024Q2,62,51897
XOM_2024Q3,71,55326
XOM_2024Q4,60,53321
YUM_2020Q1,42,57644
YUM_2020Q2,40,41746
YUM_2020Q3,32,44181
YUM_2020Q4,36,46303
YUM_2021Q1,32,43959
YUM_2021Q2,30,43225
YUM_2021Q3,30,43409
YUM_2021Q4,27,44274
YUM_2022Q1,34,48763
YUM_2022Q2,32,43915
YUM_2022Q3,30,40441
YUM_2022Q4,27,37621
YUM_2023Q1,36,42495
YUM_2023Q2,30,43060
YUM_2023Q3,30,44443
YUM_2023Q4,30,46245
YUM_2024Q1,30,11800
YUM_2024Q2,28,44848
YUM_2024Q3,29,44728
YUM_2024Q4,28,49062
ZTS_2020Q1,58,67032
ZTS_2020Q2,42,51284
ZTS_2020Q3,52,51931
ZTS_2020Q4,59,66928
ZTS_2021Q1,60,61112
ZTS_2021Q2,53,49843
ZTS_2021Q3,52,51643
ZTS_2021Q4,43,58117
ZTS_2022Q1,47,52517
ZTS_2022Q2,40,49585
ZTS_2022Q3,52,66232
ZTS_2022Q4,45,58815
ZTS_2023Q1,45,51518
ZTS_2023Q2,40,49578
ZTS_2023Q3,44,51518
ZTS_2023Q4,45,61440
ZTS_2024Q1,49,11945
ZTS_2024Q2,45,57522
ZTS_2024Q3,48,56182
ZTS_2024Q4,43,55743
